{"id":"051fcefb-b510-11f0-b6ef-5a2a67280050","name":"申請対象データ選択","key":"choose-submission-form","description":"","editorJson":{"name":"申請対象データ選択","key":"choose-submission-form","version":0,"fields":[{"fieldType":"FormField","id":"公開データ選択","name":"公開データ選択","type":"headline-with-line","value":null,"required":false,"readOnly":false,"overrideId":false,"placeholder":null,"layout":null},{"fieldType":"FormField","id":"project-metadata","name":"プロジェクトメタデータ","type":"multi-line-text","value":null,"required":true,"readOnly":false,"overrideId":true,"placeholder":"_PROJECT_METADATA(公的資金による研究データのメタデータ登録)","layout":null},{"fieldType":"FormField","id":"manuscript-file","name":"書誌情報ファイル","type":"multi-line-text","value":null,"required":true,"readOnly":false,"overrideId":true,"placeholder":"_FILE_METADATA(公的資金による研究データのメタデータ登録)","layout":null},{"fieldType":"FormField","id":"research-data-files","name":"根拠データファイル","type":"multi-line-text","value":null,"required":true,"readOnly":false,"overrideId":true,"placeholder":"_FILE_METADATA(公的資金による研究データのメタデータ登録)","layout":null}],"outcomes":[]}}