{"id":"051e967a-b510-11f0-b6ef-5a2a67280050","name":"承認・再検討結果入力","key":"review-form","description":"","editorJson":{"name":"承認・再検討結果入力","key":"review-form","version":0,"fields":[{"fieldType":"FormField","id":"レビュー内容","name":"レビュー内容","type":"headline-with-line","value":null,"required":false,"readOnly":false,"overrideId":false,"placeholder":null,"layout":null},{"fieldType":"ExpressionFormField","id":"label","name":"Label","type":"expression","value":null,"required":false,"readOnly":false,"overrideId":false,"placeholder":null,"layout":null,"expression":"末尾の研究者による入力内容をレビューし、レビュー結果を入力してください。"},{"fieldType":"OptionFormField","id":"result","name":"結果","type":"dropdown","value":"Please choose one...","required":true,"readOnly":false,"overrideId":true,"placeholder":null,"layout":null,"optionType":null,"hasEmptyValue":true,"options":[{"id":null,"name":"Please choose one..."},{"id":null,"name":"承認"},{"id":null,"name":"再検討"}],"optionsExpression":null},{"fieldType":"FormField","id":"result-comment","name":"(再検討の場合)検討への指示コメント","type":"multi-line-text","value":null,"required":false,"readOnly":false,"overrideId":true,"placeholder":null,"layout":null},{"fieldType":"ExpressionFormField","id":"label","name":"Label","type":"expression","value":null,"required":false,"readOnly":false,"overrideId":false,"placeholder":null,"layout":null,"expression":"以下は研究者が入力した内容です。レビューの際に参照してください。"},{"fieldType":"FormField","id":"label","name":"Label","type":"horizontal-line","value":null,"required":false,"readOnly":false,"overrideId":false,"placeholder":null,"layout":null},{"fieldType":"FormField","id":"研究データ管理チェックリスト","name":"研究データ管理チェックリスト","type":"headline-with-line","value":null,"required":false,"readOnly":false,"overrideId":false,"placeholder":null,"layout":null},{"fieldType":"ExpressionFormField","id":"label","name":"Label","type":"expression","value":null,"required":false,"readOnly":false,"overrideId":false,"placeholder":null,"layout":null,"expression":"研究データの日常的な管理状況を確認してください。"},{"fieldType":"FormField","id":"データ収集","name":"データ収集","type":"headline","value":null,"required":false,"readOnly":false,"overrideId":false,"placeholder":null,"layout":null},{"fieldType":"FormField","id":"研究データが適切に収集されているか？","name":"研究データが適切に収集されているか？","type":"boolean","value":null,"required":false,"readOnly":true,"overrideId":false,"placeholder":null,"layout":null},{"fieldType":"FormField","id":"データ収集の方法やツールが研究計画に従っているか？","name":"データ収集の方法やツールが研究計画に従っているか？","type":"boolean","value":null,"required":false,"readOnly":true,"overrideId":false,"placeholder":null,"layout":null},{"fieldType":"FormField","id":"データの正確性、一貫性、安全性が確保されているか？","name":"データの正確性、一貫性、安全性が確保されているか？","type":"boolean","value":null,"required":false,"readOnly":true,"overrideId":false,"placeholder":null,"layout":null},{"fieldType":"FormField","id":"データ保存","name":"データ保存","type":"headline","value":null,"required":false,"readOnly":false,"overrideId":false,"placeholder":null,"layout":null},{"fieldType":"FormField","id":"データが適切に保存されているか？","name":"データが適切に保存されているか？","type":"boolean","value":null,"required":false,"readOnly":true,"overrideId":false,"placeholder":null,"layout":null},{"fieldType":"FormField","id":"バックアップがとられているか？","name":"バックアップがとられているか？","type":"boolean","value":null,"required":false,"readOnly":true,"overrideId":false,"placeholder":null,"layout":null},{"fieldType":"FormField","id":"保存場所や保存形式が規定に従っているか？","name":"保存場所や保存形式が規定に従っているか？","type":"boolean","value":null,"required":false,"readOnly":true,"overrideId":false,"placeholder":null,"layout":null},{"fieldType":"FormField","id":"データセキュリティ","name":"データセキュリティ","type":"headline","value":null,"required":false,"readOnly":false,"overrideId":false,"placeholder":null,"layout":null},{"fieldType":"FormField","id":"データへのアクセス権限が適切に設定されているか？","name":"データへのアクセス権限が適切に設定されているか？","type":"boolean","value":null,"required":false,"readOnly":true,"overrideId":false,"placeholder":null,"layout":null},{"fieldType":"FormField","id":"データの機密性を保つためのセキュリティ対策が講じられているか？","name":"データの機密性を保つためのセキュリティ対策が講じられているか？","type":"boolean","value":null,"required":false,"readOnly":true,"overrideId":false,"placeholder":null,"layout":null},{"fieldType":"FormField","id":"メタデータ","name":"メタデータ","type":"headline","value":null,"required":false,"readOnly":false,"overrideId":false,"placeholder":null,"layout":null},{"fieldType":"FormField","id":"データのメタデータが適切に記録されているか？","name":"データのメタデータが適切に記録されているか？","type":"boolean","value":null,"required":false,"readOnly":true,"overrideId":false,"placeholder":null,"layout":null},{"fieldType":"FormField","id":"レビュー","name":"レビュー","type":"headline","value":null,"required":false,"readOnly":false,"overrideId":false,"placeholder":null,"layout":null},{"fieldType":"FormField","id":"定期的にデータの管理状況をレビューしたか？","name":"定期的にデータの管理状況をレビューしたか？","type":"boolean","value":null,"required":false,"readOnly":true,"overrideId":false,"placeholder":null,"layout":null},{"fieldType":"FormField","id":"レビュー結果を記録し、関係者に報告したか？","name":"レビュー結果を記録し、関係者に報告したか？","type":"boolean","value":null,"required":false,"readOnly":true,"overrideId":false,"placeholder":null,"layout":null},{"fieldType":"FormField","id":"公開可否判断チェックリスト","name":"公開可否判断チェックリスト","type":"headline-with-line","value":null,"required":false,"readOnly":false,"overrideId":false,"placeholder":null,"layout":null},{"fieldType":"ExpressionFormField","id":"label","name":"Label","type":"expression","value":null,"required":false,"readOnly":false,"overrideId":false,"placeholder":null,"layout":null,"expression":"研究データを公開する前に、以下の項目を確認してください。"},{"fieldType":"FormField","id":"研究関係者に係る公開不可能な事由の確認","name":"研究関係者に係る公開不可能な事由の確認","type":"headline","value":null,"required":false,"readOnly":false,"overrideId":false,"placeholder":null,"layout":null},{"fieldType":"FormField","id":"データの権利を誰が持つかの合意があるか？","name":"データの権利を誰が持つかの合意があるか？","type":"boolean","value":null,"required":false,"readOnly":true,"overrideId":false,"placeholder":null,"layout":null},{"fieldType":"FormField","id":"公開に際してデータに権利を持つ全員の合意を得ているか？","name":"公開に際してデータに権利を持つ全員の合意を得ているか？","type":"boolean","value":null,"required":false,"readOnly":true,"overrideId":false,"placeholder":null,"layout":null},{"fieldType":"FormField","id":"共同研究において機密契約などの事項はないか？","name":"共同研究において機密契約などの事項はないか？","type":"boolean","value":null,"required":false,"readOnly":true,"overrideId":false,"placeholder":null,"layout":null},{"fieldType":"FormField","id":"倫理規定の確認","name":"倫理規定の確認","type":"headline","value":null,"required":false,"readOnly":false,"overrideId":false,"placeholder":null,"layout":null},{"fieldType":"FormField","id":"倫理規定は研究計画書の段階で確認済みか？","name":"倫理規定は研究計画書の段階で確認済みか？","type":"boolean","value":null,"required":false,"readOnly":true,"overrideId":false,"placeholder":null,"layout":null},{"fieldType":"FormField","id":"研究計画書の時点から研究データに関する内容に変更はないか？","name":"研究計画書の時点から研究データに関する内容に変更はないか？","type":"boolean","value":null,"required":false,"readOnly":true,"overrideId":false,"placeholder":null,"layout":null},{"fieldType":"FormField","id":"変更がある場合、変更箇所が倫理規定を満たしているか？","name":"変更がある場合、変更箇所が倫理規定を満たしているか？","type":"boolean","value":null,"required":false,"readOnly":true,"overrideId":false,"placeholder":null,"layout":null},{"fieldType":"FormField","id":"分野・研究コミュニティの慣習確認","name":"分野・研究コミュニティの慣習確認","type":"headline","value":null,"required":false,"readOnly":false,"overrideId":false,"placeholder":null,"layout":null},{"fieldType":"FormField","id":"分野・研究コミュニティの慣習に照らし合わせて公開が妥当か？","name":"分野・研究コミュニティの慣習に照らし合わせて公開が妥当か？","type":"boolean","value":null,"required":false,"readOnly":true,"overrideId":false,"placeholder":null,"layout":null},{"fieldType":"FormField","id":"注意が必要な例（文学研究のインタビュー、臨床研究データ、絶滅危惧種の生息場所など）に該当しないか？","name":"注意が必要な例（文学研究のインタビュー、臨床研究データ、絶滅危惧種の生息場所など）に該当しないか？","type":"boolean","value":null,"required":false,"readOnly":true,"overrideId":false,"placeholder":null,"layout":null},{"fieldType":"FormField","id":"該当する場合、事務局や学会誌編集者と公開可能な範囲や手法を検討したか？","name":"該当する場合、事務局や学会誌編集者と公開可能な範囲や手法を検討したか？","type":"boolean","value":null,"required":false,"readOnly":true,"overrideId":false,"placeholder":null,"layout":null},{"fieldType":"FormField","id":"個人情報の確認","name":"個人情報の確認","type":"headline","value":null,"required":false,"readOnly":false,"overrideId":false,"placeholder":null,"layout":null},{"fieldType":"FormField","id":"個人が特定できる情報を含まないか？","name":"個人が特定できる情報を含まないか？","type":"boolean","value":null,"required":false,"readOnly":true,"overrideId":false,"placeholder":null,"layout":null},{"fieldType":"FormField","id":"含む場合、個人が特定できない形に加工したか？（法令やガイドラインに従う）","name":"含む場合、個人が特定できない形に加工したか？（法令やガイドラインに従う）","type":"boolean","value":null,"required":false,"readOnly":true,"overrideId":false,"placeholder":null,"layout":null},{"fieldType":"FormField","id":"産業財産権の確認","name":"産業財産権の確認","type":"headline","value":null,"required":false,"readOnly":false,"overrideId":false,"placeholder":null,"layout":null},{"fieldType":"FormField","id":"出願中の産業財産権に係る、または商業化が想定されるデータではないか？","name":"出願中の産業財産権に係る、または商業化が想定されるデータではないか？","type":"boolean","value":null,"required":false,"readOnly":true,"overrideId":false,"placeholder":null,"layout":null},{"fieldType":"FormField","id":"該当する場合、知的財産権の部署に相談し公開可否を検討したか？","name":"該当する場合、知的財産権の部署に相談し公開可否を検討したか？","type":"boolean","value":null,"required":false,"readOnly":true,"overrideId":false,"placeholder":null,"layout":null},{"fieldType":"FormField","id":"国家安全保障の確認","name":"国家安全保障の確認","type":"headline","value":null,"required":false,"readOnly":false,"overrideId":false,"placeholder":null,"layout":null},{"fieldType":"FormField","id":"国家安全保障に係るデータを含まないか？","name":"国家安全保障に係るデータを含まないか？","type":"boolean","value":null,"required":false,"readOnly":true,"overrideId":false,"placeholder":null,"layout":null},{"fieldType":"FormField","id":"該当する場合、所属機関に安全保障貿易に係る輸出管理担当部署があれば相談したか？（なければ関係各所と打ち合わせの上、研究者自身が許可申請を行ったか）","name":"該当する場合、所属機関に安全保障貿易に係る輸出管理担当部署があれば相談したか？（なければ関係各所と打ち合わせの上、研究者自身が許可申請を行ったか）","type":"boolean","value":null,"required":false,"readOnly":true,"overrideId":false,"placeholder":null,"layout":null}],"outcomes":[]}}