{"id":"622fe473-b512-11f0-b6ef-5a2a67280050","name":"書誌情報・根拠データ公開申請-v0-a","key":"manuscript-with-research-data-submission-v0-a","description":"","editorJson":{"models":[{"id":"0527701d-b510-11f0-b6ef-5a2a67280050","name":"書誌情報・根拠データ公開申請","version":1,"modelType":0,"description":"","stencilSetId":null,"createdBy":"rdm","lastUpdatedBy":"rdm","lastUpdated":"2025-10-29T21:41:25.869+0000"}],"name":"書誌情報・根拠データ公開申請-v0","key":"manuscript-with-research-data-submission-v0","theme":"theme-6","icon":"glyphicon-folder-close"}}